<?xml version="1.0" encoding="US-ASCII"?>

<!--
  Bayesian network in XMLBIF v0.3 (BayesNet Interchange Format)
  Produced by SamIam http://reasoning.cs.ucla.edu/samiam
  Output created Oct 2, 2020 8:49:30 AM
-->

<BIF VERSION="0.3">
<NETWORK>
  <NAME>bayesiannetwork</NAME>

  <VARIABLE TYPE="nature">
    <NAME>SynForcng</NAME>
    <OUTCOME>SigNegative</OUTCOME>
    <OUTCOME>NegToPos</OUTCOME>
    <OUTCOME>SigPositive</OUTCOME>
    <OUTCOME>PosToNeg</OUTCOME>
    <OUTCOME>LittleChange</OUTCOME>
    <PROPERTY>position = (600, -225)</PROPERTY>
  </VARIABLE>

  <VARIABLE TYPE="nature">
    <NAME>VISCloudCov</NAME>
    <OUTCOME>Cloudy</OUTCOME>
    <OUTCOME>PC</OUTCOME>
    <OUTCOME>Clear</OUTCOME>
    <PROPERTY>position = (0, 0)</PROPERTY>
  </VARIABLE>

  <VARIABLE TYPE="nature">
    <NAME>SubjVertMo</NAME>
    <OUTCOME>StronUp</OUTCOME>
    <OUTCOME>WeakUp</OUTCOME>
    <OUTCOME>Neutral</OUTCOME>
    <OUTCOME>Down</OUTCOME>
    <PROPERTY>position = (150, 0)</PROPERTY>
  </VARIABLE>

  <VARIABLE TYPE="nature">
    <NAME>AMCINInScen</NAME>
    <OUTCOME>LessThanAve</OUTCOME>
    <OUTCOME>Average</OUTCOME>
    <OUTCOME>MoreThanAve</OUTCOME>
    <PROPERTY>position = (450, -450)</PROPERTY>
  </VARIABLE>

  <VARIABLE TYPE="nature">
    <NAME>ScenRel3_4</NAME>
    <OUTCOME>ACEFK</OUTCOME>
    <OUTCOME>B</OUTCOME>
    <OUTCOME>D</OUTCOME>
    <OUTCOME>GJ</OUTCOME>
    <OUTCOME>HI</OUTCOME>
    <PROPERTY>position = (300, -300)</PROPERTY>
  </VARIABLE>

  <VARIABLE TYPE="nature">
    <NAME>Date</NAME>
    <OUTCOME>May15_Jun14</OUTCOME>
    <OUTCOME>Jun15_Jul1</OUTCOME>
    <OUTCOME>Jul2_Jul15</OUTCOME>
    <OUTCOME>Jul16_Aug10</OUTCOME>
    <OUTCOME>Aug11_Aug20</OUTCOME>
    <OUTCOME>Aug20_Sep15</OUTCOME>
    <PROPERTY>position = (300, 0)</PROPERTY>
  </VARIABLE>

  <VARIABLE TYPE="nature">
    <NAME>WindFieldMt</NAME>
    <OUTCOME>Westerly</OUTCOME>
    <OUTCOME>LVorOther</OUTCOME>
    <PROPERTY>position = (750, -300)</PROPERTY>
  </VARIABLE>

  <VARIABLE TYPE="nature">
    <NAME>PlainsFcst</NAME>
    <OUTCOME>XNIL</OUTCOME>
    <OUTCOME>SIG</OUTCOME>
    <OUTCOME>SVR</OUTCOME>
    <PROPERTY>position = (750, -600)</PROPERTY>
  </VARIABLE>

  <VARIABLE TYPE="nature">
    <NAME>MorningCIN</NAME>
    <OUTCOME>None</OUTCOME>
    <OUTCOME>PartInhibit</OUTCOME>
    <OUTCOME>Stifling</OUTCOME>
    <OUTCOME>TotalInhibit</OUTCOME>
    <PROPERTY>position = (450, 0)</PROPERTY>
  </VARIABLE>

  <VARIABLE TYPE="nature">
    <NAME>CldShadeOth</NAME>
    <OUTCOME>Cloudy</OUTCOME>
    <OUTCOME>PC</OUTCOME>
    <OUTCOME>Clear</OUTCOME>
    <PROPERTY>position = (0, -525)</PROPERTY>
  </VARIABLE>

  <VARIABLE TYPE="nature">
    <NAME>InsChange</NAME>
    <OUTCOME>Decreasing</OUTCOME>
    <OUTCOME>LittleChange</OUTCOME>
    <OUTCOME>Increasing</OUTCOME>
    <PROPERTY>position = (300, -600)</PROPERTY>
  </VARIABLE>

  <VARIABLE TYPE="nature">
    <NAME>TempDis</NAME>
    <OUTCOME>QStationary</OUTCOME>
    <OUTCOME>Moving</OUTCOME>
    <OUTCOME>None</OUTCOME>
    <OUTCOME>Other</OUTCOME>
    <PROPERTY>position = (150, -450)</PROPERTY>
  </VARIABLE>

  <VARIABLE TYPE="nature">
    <NAME>CombClouds</NAME>
    <OUTCOME>Cloudy</OUTCOME>
    <OUTCOME>PC</OUTCOME>
    <OUTCOME>Clear</OUTCOME>
    <PROPERTY>position = (300, -225)</PROPERTY>
  </VARIABLE>

  <VARIABLE TYPE="nature">
    <NAME>CurPropConv</NAME>
    <OUTCOME>None</OUTCOME>
    <OUTCOME>Slight</OUTCOME>
    <OUTCOME>Moderate</OUTCOME>
    <OUTCOME>Strong</OUTCOME>
    <PROPERTY>position = (150, -225)</PROPERTY>
  </VARIABLE>

  <VARIABLE TYPE="nature">
    <NAME>WndHodograph</NAME>
    <OUTCOME>DCVZFavor</OUTCOME>
    <OUTCOME>StrongWest</OUTCOME>
    <OUTCOME>Westerly</OUTCOME>
    <OUTCOME>Other</OUTCOME>
    <PROPERTY>position = (600, 0)</PROPERTY>
  </VARIABLE>

  <VARIABLE TYPE="nature">
    <NAME>SatContMoist</NAME>
    <OUTCOME>VeryWet</OUTCOME>
    <OUTCOME>Wet</OUTCOME>
    <OUTCOME>Neutral</OUTCOME>
    <OUTCOME>Dry</OUTCOME>
    <PROPERTY>position = (750, 0)</PROPERTY>
  </VARIABLE>

  <VARIABLE TYPE="nature">
    <NAME>N34StarFcst</NAME>
    <OUTCOME>XNIL</OUTCOME>
    <OUTCOME>SIG</OUTCOME>
    <OUTCOME>SVR</OUTCOME>
    <PROPERTY>position = (0, -675)</PROPERTY>
  </VARIABLE>

  <VARIABLE TYPE="nature">
    <NAME>AreaMoDryAir</NAME>
    <OUTCOME>VeryWet</OUTCOME>
    <OUTCOME>Wet</OUTCOME>
    <OUTCOME>Neutral</OUTCOME>
    <OUTCOME>Dry</OUTCOME>
    <PROPERTY>position = (750, -450)</PROPERTY>
  </VARIABLE>

  <VARIABLE TYPE="nature">
    <NAME>RHRatio</NAME>
    <OUTCOME>MoistMDryL</OUTCOME>
    <OUTCOME>DryMMoistL</OUTCOME>
    <OUTCOME>Other</OUTCOME>
    <PROPERTY>position = (450, -300)</PROPERTY>
  </VARIABLE>

  <VARIABLE TYPE="nature">
    <NAME>AMInsWliScen</NAME>
    <OUTCOME>LessUnstable</OUTCOME>
    <OUTCOME>Average</OUTCOME>
    <OUTCOME>MoreUnstable</OUTCOME>
    <PROPERTY>position = (600, -450)</PROPERTY>
  </VARIABLE>

  <VARIABLE TYPE="nature">
    <NAME>ScnRelPlFcst</NAME>
    <OUTCOME>A</OUTCOME>
    <OUTCOME>B</OUTCOME>
    <OUTCOME>C</OUTCOME>
    <OUTCOME>D</OUTCOME>
    <OUTCOME>E</OUTCOME>
    <OUTCOME>F</OUTCOME>
    <OUTCOME>G</OUTCOME>
    <OUTCOME>H</OUTCOME>
    <OUTCOME>I</OUTCOME>
    <OUTCOME>J</OUTCOME>
    <OUTCOME>K</OUTCOME>
    <PROPERTY>position = (600, -300)</PROPERTY>
  </VARIABLE>

  <VARIABLE TYPE="nature">
    <NAME>InsInMt</NAME>
    <OUTCOME>None</OUTCOME>
    <OUTCOME>Weak</OUTCOME>
    <OUTCOME>Strong</OUTCOME>
    <PROPERTY>position = (150, -525)</PROPERTY>
  </VARIABLE>

  <VARIABLE TYPE="nature">
    <NAME>ScenRelAMIns</NAME>
    <OUTCOME>ABI</OUTCOME>
    <OUTCOME>CDEJ</OUTCOME>
    <OUTCOME>F</OUTCOME>
    <OUTCOME>G</OUTCOME>
    <OUTCOME>H</OUTCOME>
    <OUTCOME>K</OUTCOME>
    <PROPERTY>position = (150, -375)</PROPERTY>
  </VARIABLE>

  <VARIABLE TYPE="nature">
    <NAME>Boundaries</NAME>
    <OUTCOME>None</OUTCOME>
    <OUTCOME>Weak</OUTCOME>
    <OUTCOME>Strong</OUTCOME>
    <PROPERTY>position = (750, -525)</PROPERTY>
  </VARIABLE>

  <VARIABLE TYPE="nature">
    <NAME>Scenario</NAME>
    <OUTCOME>A</OUTCOME>
    <OUTCOME>B</OUTCOME>
    <OUTCOME>C</OUTCOME>
    <OUTCOME>D</OUTCOME>
    <OUTCOME>E</OUTCOME>
    <OUTCOME>F</OUTCOME>
    <OUTCOME>G</OUTCOME>
    <OUTCOME>H</OUTCOME>
    <OUTCOME>I</OUTCOME>
    <OUTCOME>J</OUTCOME>
    <OUTCOME>K</OUTCOME>
    <PROPERTY>position = (750, -150)</PROPERTY>
  </VARIABLE>

  <VARIABLE TYPE="nature">
    <NAME>Dewpoints</NAME>
    <OUTCOME>LowEvrywhere</OUTCOME>
    <OUTCOME>LowAtStation</OUTCOME>
    <OUTCOME>LowSHighN</OUTCOME>
    <OUTCOME>LowNHighS</OUTCOME>
    <OUTCOME>LowMtsHighPl</OUTCOME>
    <OUTCOME>HighEvrywher</OUTCOME>
    <OUTCOME>Other</OUTCOME>
    <PROPERTY>position = (750, -375)</PROPERTY>
  </VARIABLE>

  <VARIABLE TYPE="nature">
    <NAME>WindFieldPln</NAME>
    <OUTCOME>LV</OUTCOME>
    <OUTCOME>DenvCyclone</OUTCOME>
    <OUTCOME>LongAnticyc</OUTCOME>
    <OUTCOME>E_NE</OUTCOME>
    <OUTCOME>SEQuad</OUTCOME>
    <OUTCOME>WidespdDnsl</OUTCOME>
    <PROPERTY>position = (0, -450)</PROPERTY>
  </VARIABLE>

  <VARIABLE TYPE="nature">
    <NAME>MountainFcst</NAME>
    <OUTCOME>XNIL</OUTCOME>
    <OUTCOME>SIG</OUTCOME>
    <OUTCOME>SVR</OUTCOME>
    <PROPERTY>position = (600, -525)</PROPERTY>
  </VARIABLE>

  <VARIABLE TYPE="nature">
    <NAME>CapInScen</NAME>
    <OUTCOME>LessThanAve</OUTCOME>
    <OUTCOME>Average</OUTCOME>
    <OUTCOME>MoreThanAve</OUTCOME>
    <PROPERTY>position = (450, -600)</PROPERTY>
  </VARIABLE>

  <VARIABLE TYPE="nature">
    <NAME>LLIW</NAME>
    <OUTCOME>Unfavorable</OUTCOME>
    <OUTCOME>Weak</OUTCOME>
    <OUTCOME>Moderate</OUTCOME>
    <OUTCOME>Strong</OUTCOME>
    <PROPERTY>position = (0, -75)</PROPERTY>
  </VARIABLE>

  <VARIABLE TYPE="nature">
    <NAME>RaoContMoist</NAME>
    <OUTCOME>VeryWet</OUTCOME>
    <OUTCOME>Wet</OUTCOME>
    <OUTCOME>Neutral</OUTCOME>
    <OUTCOME>Dry</OUTCOME>
    <PROPERTY>position = (150, -75)</PROPERTY>
  </VARIABLE>

  <VARIABLE TYPE="nature">
    <NAME>LatestCIN</NAME>
    <OUTCOME>None</OUTCOME>
    <OUTCOME>PartInhibit</OUTCOME>
    <OUTCOME>Stifling</OUTCOME>
    <OUTCOME>TotalInhibit</OUTCOME>
    <PROPERTY>position = (300, -75)</PROPERTY>
  </VARIABLE>

  <VARIABLE TYPE="nature">
    <NAME>MvmtFeatures</NAME>
    <OUTCOME>StrongFront</OUTCOME>
    <OUTCOME>MarkedUpper</OUTCOME>
    <OUTCOME>OtherRapid</OUTCOME>
    <OUTCOME>NoMajor</OUTCOME>
    <PROPERTY>position = (0, -300)</PROPERTY>
  </VARIABLE>

  <VARIABLE TYPE="nature">
    <NAME>MeanRH</NAME>
    <OUTCOME>VeryMoist</OUTCOME>
    <OUTCOME>Average</OUTCOME>
    <OUTCOME>Dry</OUTCOME>
    <PROPERTY>position = (150, -300)</PROPERTY>
  </VARIABLE>

  <VARIABLE TYPE="nature">
    <NAME>IRCloudCover</NAME>
    <OUTCOME>Cloudy</OUTCOME>
    <OUTCOME>PC</OUTCOME>
    <OUTCOME>Clear</OUTCOME>
    <PROPERTY>position = (450, -75)</PROPERTY>
  </VARIABLE>

  <VARIABLE TYPE="nature">
    <NAME>MidLLapse</NAME>
    <OUTCOME>CloseToDryAd</OUTCOME>
    <OUTCOME>Steep</OUTCOME>
    <OUTCOME>ModerateOrLe</OUTCOME>
    <PROPERTY>position = (300, -375)</PROPERTY>
  </VARIABLE>

  <VARIABLE TYPE="nature">
    <NAME>InsSclInScen</NAME>
    <OUTCOME>LessUnstable</OUTCOME>
    <OUTCOME>Average</OUTCOME>
    <OUTCOME>MoreUnstable</OUTCOME>
    <PROPERTY>position = (600, -600)</PROPERTY>
  </VARIABLE>

  <VARIABLE TYPE="nature">
    <NAME>CapChange</NAME>
    <OUTCOME>Decreasing</OUTCOME>
    <OUTCOME>LittleChange</OUTCOME>
    <OUTCOME>Increasing</OUTCOME>
    <PROPERTY>position = (150, -600)</PROPERTY>
  </VARIABLE>

  <VARIABLE TYPE="nature">
    <NAME>OutflowFrMt</NAME>
    <OUTCOME>None</OUTCOME>
    <OUTCOME>Weak</OUTCOME>
    <OUTCOME>Strong</OUTCOME>
    <PROPERTY>position = (300, -525)</PROPERTY>
  </VARIABLE>

  <VARIABLE TYPE="nature">
    <NAME>MorningBound</NAME>
    <OUTCOME>None</OUTCOME>
    <OUTCOME>Weak</OUTCOME>
    <OUTCOME>Strong</OUTCOME>
    <PROPERTY>position = (600, -75)</PROPERTY>
  </VARIABLE>

  <VARIABLE TYPE="nature">
    <NAME>AreaMeso_ALS</NAME>
    <OUTCOME>StrongUp</OUTCOME>
    <OUTCOME>WeakUp</OUTCOME>
    <OUTCOME>Neutral</OUTCOME>
    <OUTCOME>Down</OUTCOME>
    <PROPERTY>position = (300, -450)</PROPERTY>
  </VARIABLE>

  <VARIABLE TYPE="nature">
    <NAME>CldShadeConv</NAME>
    <OUTCOME>None</OUTCOME>
    <OUTCOME>Some</OUTCOME>
    <OUTCOME>Marked</OUTCOME>
    <PROPERTY>position = (450, -525)</PROPERTY>
  </VARIABLE>

  <VARIABLE TYPE="nature">
    <NAME>QGVertMotion</NAME>
    <OUTCOME>StrongUp</OUTCOME>
    <OUTCOME>WeakUp</OUTCOME>
    <OUTCOME>Neutral</OUTCOME>
    <OUTCOME>Down</OUTCOME>
    <PROPERTY>position = (750, -75)</PROPERTY>
  </VARIABLE>

  <VARIABLE TYPE="nature">
    <NAME>N0_7muVerMo</NAME>
    <OUTCOME>StrongUp</OUTCOME>
    <OUTCOME>WeakUp</OUTCOME>
    <OUTCOME>Neutral</OUTCOME>
    <OUTCOME>Down</OUTCOME>
    <PROPERTY>position = (0, -150)</PROPERTY>
  </VARIABLE>

  <VARIABLE TYPE="nature">
    <NAME>LIfr12ZDENSd</NAME>
    <OUTCOME>LIGt0</OUTCOME>
    <OUTCOME>N1GtLIGt_4</OUTCOME>
    <OUTCOME>N5GtLIGt_8</OUTCOME>
    <OUTCOME>LILt_8</OUTCOME>
    <PROPERTY>position = (150, -150)</PROPERTY>
  </VARIABLE>

  <VARIABLE TYPE="nature">
    <NAME>SfcWndShfDis</NAME>
    <OUTCOME>DenvCyclone</OUTCOME>
    <OUTCOME>E_W_N</OUTCOME>
    <OUTCOME>E_W_S</OUTCOME>
    <OUTCOME>MovingFtorOt</OUTCOME>
    <OUTCOME>DryLine</OUTCOME>
    <OUTCOME>None</OUTCOME>
    <OUTCOME>Other</OUTCOME>
    <PROPERTY>position = (750, -225)</PROPERTY>
  </VARIABLE>

  <VARIABLE TYPE="nature">
    <NAME>R5Fcst</NAME>
    <OUTCOME>XNIL</OUTCOME>
    <OUTCOME>SIG</OUTCOME>
    <OUTCOME>SVR</OUTCOME>
    <PROPERTY>position = (150, -675)</PROPERTY>
  </VARIABLE>

  <VARIABLE TYPE="nature">
    <NAME>CombMoisture</NAME>
    <OUTCOME>VeryWet</OUTCOME>
    <OUTCOME>Wet</OUTCOME>
    <OUTCOME>Neutral</OUTCOME>
    <OUTCOME>Dry</OUTCOME>
    <PROPERTY>position = (0, -225)</PROPERTY>
  </VARIABLE>

  <VARIABLE TYPE="nature">
    <NAME>LoLevMoistAd</NAME>
    <OUTCOME>StrongPos</OUTCOME>
    <OUTCOME>WeakPos</OUTCOME>
    <OUTCOME>Neutral</OUTCOME>
    <OUTCOME>Negative</OUTCOME>
    <PROPERTY>position = (300, -150)</PROPERTY>
  </VARIABLE>

  <VARIABLE TYPE="nature">
    <NAME>ScenRelAMCIN</NAME>
    <OUTCOME>AB</OUTCOME>
    <OUTCOME>CThruK</OUTCOME>
    <PROPERTY>position = (0, -375)</PROPERTY>
  </VARIABLE>

  <VARIABLE TYPE="nature">
    <NAME>AMInstabMt</NAME>
    <OUTCOME>None</OUTCOME>
    <OUTCOME>Weak</OUTCOME>
    <OUTCOME>Strong</OUTCOME>
    <PROPERTY>position = (450, -150)</PROPERTY>
  </VARIABLE>

  <VARIABLE TYPE="nature">
    <NAME>LowLLapse</NAME>
    <OUTCOME>CloseToDryAd</OUTCOME>
    <OUTCOME>Steep</OUTCOME>
    <OUTCOME>ModerateOrLe</OUTCOME>
    <OUTCOME>Stable</OUTCOME>
    <PROPERTY>position = (450, -375)</PROPERTY>
  </VARIABLE>

  <VARIABLE TYPE="nature">
    <NAME>WindAloft</NAME>
    <OUTCOME>LV</OUTCOME>
    <OUTCOME>SWQuad</OUTCOME>
    <OUTCOME>NWQuad</OUTCOME>
    <OUTCOME>AllElse</OUTCOME>
    <PROPERTY>position = (600, -375)</PROPERTY>
  </VARIABLE>

  <VARIABLE TYPE="nature">
    <NAME>CompPlFcst</NAME>
    <OUTCOME>IncCapDecIns</OUTCOME>
    <OUTCOME>LittleChange</OUTCOME>
    <OUTCOME>DecCapIncIns</OUTCOME>
    <PROPERTY>position = (0, -600)</PROPERTY>
  </VARIABLE>

  <VARIABLE TYPE="nature">
    <NAME>CombVerMo</NAME>
    <OUTCOME>StrongUp</OUTCOME>
    <OUTCOME>WeakUp</OUTCOME>
    <OUTCOME>Neutral</OUTCOME>
    <OUTCOME>Down</OUTCOME>
    <PROPERTY>position = (450, -225)</PROPERTY>
  </VARIABLE>

  <VARIABLE TYPE="nature">
    <NAME>AMDewptCalPl</NAME>
    <OUTCOME>Instability</OUTCOME>
    <OUTCOME>Neutral</OUTCOME>
    <OUTCOME>Stability</OUTCOME>
    <PROPERTY>position = (600, -150)</PROPERTY>
  </VARIABLE>

  <DEFINITION>
    <FOR>SynForcng</FOR>
    <GIVEN>Scenario</GIVEN>
    <TABLE>0.35 0.25 0.0 0.35 0.05 0.06 0.1 0.06 0.3 0.48 0.1 0.27 0.4 0.08 0.15 0.35 0.2 0.1 0.25 0.1 0.15 0.15 0.1 0.15 0.45 0.15 0.1 0.05 0.15 0.55 0.15 0.1 0.1 0.25 0.4 0.25 0.25 0.25 0.15 0.1 0.25 0.2 0.15 0.2 0.2 0.01 0.05 0.01 0.05 0.88 0.2 0.2 0.35 0.15 0.1 </TABLE>
  </DEFINITION>

  <DEFINITION>
    <FOR>VISCloudCov</FOR>
    <TABLE>0.1 0.5 0.4 </TABLE>
  </DEFINITION>

  <DEFINITION>
    <FOR>SubjVertMo</FOR>
    <TABLE>0.15 0.15 0.5 0.2 </TABLE>
  </DEFINITION>

  <DEFINITION>
    <FOR>AMCINInScen</FOR>
    <GIVEN>ScenRelAMCIN</GIVEN>
    <GIVEN>MorningCIN</GIVEN>
    <TABLE>1.0 0.0 0.0 0.6 0.37 0.03 0.25 0.45 0.3 0.0 0.1 0.9 0.75 0.25 0.0 0.30000000000000004 0.6000000000000001 0.10000000000000002 0.01 0.4 0.59 0.0 0.03 0.97 </TABLE>
  </DEFINITION>

  <DEFINITION>
    <FOR>ScenRel3_4</FOR>
    <GIVEN>Scenario</GIVEN>
    <TABLE>1.0 0.0 0.0 0.0 0.0 0.0 1.0 0.0 0.0 0.0 1.0 0.0 0.0 0.0 0.0 0.0 0.0 1.0 0.0 0.0 1.0 0.0 0.0 0.0 0.0 1.0 0.0 0.0 0.0 0.0 0.0 0.0 0.0 1.0 0.0 0.0 0.0 0.0 0.0 1.0 0.0 0.0 0.0 0.0 1.0 0.0 0.0 0.0 1.0 0.0 1.0 0.0 0.0 0.0 0.0 </TABLE>
  </DEFINITION>

  <DEFINITION>
    <FOR>Date</FOR>
    <TABLE>0.254098 0.131148 0.106557 0.213115 0.07377 0.221312 </TABLE>
  </DEFINITION>

  <DEFINITION>
    <FOR>WindFieldMt</FOR>
    <GIVEN>Scenario</GIVEN>
    <TABLE>0.8 0.2 0.35 0.65 0.75 0.25 0.7 0.3 0.65 0.35 0.15 0.85 0.7 0.3 0.3 0.7 0.5 0.5 0.01 0.99 0.7 0.3 </TABLE>
  </DEFINITION>

  <DEFINITION>
    <FOR>PlainsFcst</FOR>
    <GIVEN>CurPropConv</GIVEN>
    <GIVEN>InsSclInScen</GIVEN>
    <GIVEN>CapInScen</GIVEN>
    <GIVEN>ScnRelPlFcst</GIVEN>
    <TABLE>0.75 0.2 0.05 0.75 0.2 0.05 0.9 0.08 0.02 0.9 0.06 0.04 0.88 0.1 0.02 0.92 0.08 0.0 0.85 0.13 0.02 1.0 0.0 0.0 0.9 0.08 0.02 0.9 0.08 0.02 0.95 0.04 0.01 0.75 0.2 0.05 0.65 0.3 0.05 0.9 0.08 0.02 0.91 0.05 0.04 0.85 0.13 0.02 0.9 0.1 0.0 0.84 0.12 0.04 0.99 0.01 0.0 0.88 0.1 0.02 0.92 0.06 0.02 0.96 0.03 0.01 0.75 0.2 0.05 0.75 0.2 0.05 0.95 0.04 0.01 0.93 0.04 0.03 0.92 0.06 0.02 0.87 0.13 0.0 0.9 0.06 0.04 0.98 0.02 0.0 0.92 0.06 0.02 0.95 0.04 0.01 0.97 0.02 0.01 0.5 0.3 0.2 0.6000000000000001 0.30000000000000004 0.10000000000000002 0.8 0.14 0.06 0.85 0.09 0.06 0.85 0.1 0.05 0.88 0.11 0.01 0.8 0.17 0.03 0.92 0.06 0.02 0.8 0.12 0.08 0.75 0.22 0.03 0.9 0.08 0.02 0.35000000000000003 0.30000000000000004 0.35000000000000003 0.55 0.3 0.15 0.82 0.13 0.05 0.8200000000000001 0.10000000000000002 0.08000000000000002 0.75 0.18 0.07 0.88 0.11 0.01 0.75 0.2 0.05 0.9 0.07 0.03 0.7000000000000001 0.20000000000000004 0.10000000000000002 0.8 0.15 0.05 0.9 0.08 0.02 0.5 0.2 0.3 0.6 0.25 0.15 0.85 0.1 0.05 0.8500000000000001 0.07000000000000002 0.08000000000000002 0.75 0.15 0.1 0.85 0.14 0.01 0.75 0.2 0.05 0.94 0.05 0.01 0.65 0.22 0.13 0.83 0.1 0.07 0.93 0.06 0.01 0.35 0.2 0.45 0.45 0.35 0.2 0.8 0.1 0.1 0.72 0.14 0.14 0.78 0.15 0.07 0.86 0.12 0.02 0.65 0.25 0.1 0.85 0.1 0.05 0.65 0.2 0.15 0.7200000000000001 0.20000000000000004 0.08000000000000002 0.85 0.1 0.05 0.25 0.15 0.6 0.45 0.35 0.2 0.65 0.2 0.15 0.55 0.2 0.25 0.55 0.25 0.2 0.81 0.17 0.02 0.6 0.28 0.12 0.8 0.13 0.07 0.6 0.2 0.2 0.75 0.15 0.1 0.88 0.08 0.04 0.4 0.08 0.52 0.45 0.25 0.3 0.75 0.1 0.15 0.65 0.15 0.2 0.52 0.25 0.23 0.82 0.16 0.02 0.65 0.27 0.08 0.85 0.09 0.06 0.5 0.2 0.3 0.77 0.1 0.13 0.9 0.07 0.03 0.7 0.25 0.05 0.6 0.33 0.07 0.82 0.13 0.05 0.85 0.1 0.05 0.82 0.15 0.03 0.85 0.14 0.01 0.8 0.17 0.03 0.97 0.02 0.01 0.88 0.1 0.02 0.86 0.1 0.04 0.88 0.1 0.02 0.65 0.25 0.1 0.5800000000000001 0.32000000000000006 0.10000000000000002 0.8 0.15 0.05 0.85 0.1 0.05 0.8 0.16 0.04 0.83 0.16 0.01 0.77 0.17 0.06 0.93 0.06 0.01 0.85 0.12 0.03 0.85 0.1 0.05 0.9 0.08 0.02 0.6000000000000001 0.30000000000000004 0.10000000000000002 0.65 0.28 0.07 0.9 0.08 0.02 0.85 0.1 0.05 0.82 0.13 0.05 0.8 0.19 0.01 0.8 0.13 0.07 0.91 0.08 0.01 0.85 0.12 0.03 0.9 0.08 0.02 0.93 0.06 0.01 0.3 0.4 0.3 0.5499999999999999 0.33999999999999997 0.10999999999999997 0.7000000000000001 0.20000000000000004 0.10000000000000002 0.75 0.15 0.1 0.62 0.28 0.1 0.85 0.14 0.01 0.75 0.2 0.05 0.82 0.14 0.04 0.6 0.25 0.15 0.68 0.22 0.1 0.82 0.15 0.03 0.28 0.37 0.35 0.48 0.35 0.17 0.7000000000000001 0.20000000000000004 0.10000000000000002 0.7 0.17 0.13 0.6000000000000001 0.29000000000000004 0.11000000000000001 0.82 0.16 0.02 0.63 0.3 0.07 0.8 0.15 0.05 0.5 0.3 0.2 0.7000000000000001 0.20000000000000004 0.10000000000000002 0.8 0.16 0.04 0.4 0.28 0.32 0.5 0.25 0.25 0.7200000000000001 0.18000000000000002 0.10000000000000002 0.65 0.2 0.15 0.55 0.3 0.15 0.78 0.2 0.02 0.55 0.35 0.1 0.85 0.12 0.03 0.45 0.3 0.25 0.73 0.15 0.12 0.85 0.12 0.03 0.3 0.25 0.45 0.4 0.36 0.24 0.65 0.2 0.15 0.6 0.2 0.2 0.6 0.28 0.12 0.83 0.14 0.03 0.45 0.4 0.15 0.7000000000000001 0.18000000000000002 0.12000000000000001 0.55 0.25 0.2 0.6 0.25 0.15 0.7200000000000001 0.20000000000000004 0.08000000000000002 0.22 0.17 0.61 0.35 0.37 0.28 0.45 0.3 0.25 0.45 0.25 0.3 0.48 0.29 0.23 0.72 0.25 0.03 0.43 0.4 0.17 0.68 0.2 0.12 0.35000000000000003 0.30000000000000004 0.35000000000000003 0.6 0.2 0.2 0.74 0.16 0.1 0.27 0.1 0.63 0.35000000000000003 0.30000000000000004 0.35000000000000003 0.55 0.22 0.23 0.45 0.25 0.3 0.42 0.3 0.28 0.74 0.22 0.04 0.45 0.4 0.15 0.77 0.13 0.1 0.3 0.25 0.45 0.68 0.15 0.17 0.75 0.15 0.1 0.5 0.4 0.1 0.45 0.42 0.13 0.75 0.18 0.07 0.75 0.15 0.1 0.72 0.22 0.06 0.78 0.21 0.01 0.66 0.27 0.07 0.88 0.1 0.02 0.7000000000000001 0.22000000000000003 0.08000000000000002 0.78 0.16 0.06 0.8 0.16 0.04 0.45 0.35 0.2 0.45 0.35 0.2 0.7000000000000001 0.20000000000000004 0.10000000000000002 0.72 0.17 0.11 0.7000000000000001 0.22000000000000003 0.08000000000000002 0.75 0.24 0.01 0.6200000000000001 0.30000000000000004 0.08000000000000002 0.85 0.12 0.03 0.75 0.15 0.1 0.76 0.17 0.07 0.8 0.16 0.04 0.35 0.4 0.25 0.45 0.4 0.15 0.75 0.19 0.06 0.7000000000000001 0.20000000000000004 0.10000000000000002 0.6000000000000001 0.30000000000000004 0.10000000000000002 0.72 0.27 0.01 0.6000000000000001 0.30000000000000004 0.10000000000000002 0.8 0.16 0.04 0.75 0.17 0.08 0.75 0.2 0.05 0.88 0.1 0.02 0.2 0.45 0.35 0.4 0.4 0.2 0.7000000000000001 0.20000000000000004 0.10000000000000002 0.65 0.22 0.13 0.5 0.34 0.16 0.74 0.24 0.02 0.6000000000000001 0.30000000000000004 0.10000000000000002 0.67 0.24 0.09 0.35 0.4 0.25 0.6 0.25 0.15 0.75 0.2 0.05 0.23 0.4 0.37 0.38 0.35 0.27 0.58 0.25 0.17 0.55 0.25 0.2 0.53 0.32 0.15 0.73 0.25 0.02 0.35 0.53 0.12 0.65 0.24 0.11 0.3 0.4 0.3 0.6 0.24 0.16 0.68 0.24 0.08 0.3 0.34 0.36 0.35 0.35 0.3 0.55 0.25 0.2 0.5 0.27 0.23 0.4 0.38 0.22 0.7 0.28 0.02 0.35 0.5 0.15 0.6 0.25 0.15 0.35 0.35 0.3 0.62 0.22 0.16 0.7000000000000001 0.22000000000000003 0.08000000000000002 0.25 0.28 0.47 0.3 0.38 0.32 0.45 0.3 0.25 0.5 0.25 0.25 0.4 0.35 0.25 0.72 0.24 0.04 0.25 0.57 0.18 0.57 0.28 0.15 0.25 0.35 0.4 0.48 0.26 0.26 0.6 0.26 0.14 0.19 0.18 0.63 0.25 0.4 0.35 0.35000000000000003 0.30000000000000004 0.35000000000000003 0.35000000000000003 0.30000000000000004 0.35000000000000003 0.35 0.35 0.3 0.65 0.3 0.05 0.22 0.58 0.2 0.45 0.35 0.2 0.25 0.34 0.41 0.48 0.26 0.26 0.58 0.25 0.17 0.15 0.16 0.69 0.25 0.3 0.45 0.4 0.3 0.3 0.3 0.3 0.4 0.25 0.4 0.35 0.6 0.34 0.06 0.18 0.62 0.2 0.47 0.3 0.23 0.25 0.3 0.45 0.5 0.22 0.28 0.5 0.27 0.23 0.4 0.45 0.15 0.35 0.45 0.2 0.6 0.27 0.13 0.6 0.22 0.18 0.55 0.32 0.13 0.69 0.29 0.02 0.54 0.36 0.1 0.75 0.2 0.05 0.55 0.3 0.15 0.7000000000000001 0.22000000000000003 0.08000000000000002 0.7 0.25 0.05 0.35 0.4 0.25 0.35 0.4 0.25 0.55 0.3 0.15 0.55 0.27 0.18 0.5 0.35 0.15 0.65 0.33 0.02 0.38 0.5 0.12 0.7 0.24 0.06 0.65 0.2 0.15 0.67 0.23 0.1 0.7 0.25 0.05 0.2 0.45 0.35 0.3 0.45 0.25 0.55 0.3 0.15 0.5 0.3 0.2 0.45 0.38 0.17 0.6 0.38 0.02 0.28 0.57 0.15 0.65 0.28 0.07 0.63 0.25 0.12 0.62 0.28 0.1 0.8 0.17 0.03 0.16 0.47 0.37 0.3 0.45 0.25 0.45 0.32 0.23 0.52 0.26 0.22 0.35 0.45 0.2 0.65 0.32 0.03 0.48 0.39 0.13 0.5800000000000001 0.30000000000000004 0.12000000000000001 0.25 0.45 0.3 0.5 0.28 0.22 0.65 0.27 0.08 0.18 0.45 0.37 0.30000000000000004 0.35000000000000003 0.35000000000000003 0.45 0.3 0.25 0.45 0.3 0.25 0.35 0.43 0.22 0.62 0.35 0.03 0.2 0.65 0.15 0.52 0.33 0.15 0.23 0.42 0.35 0.47 0.3 0.23 0.55 0.3 0.15 0.23 0.4 0.37 0.25 0.4 0.35 0.4 0.3 0.3 0.4 0.3 0.3 0.3 0.45 0.25 0.57 0.4 0.03 0.15 0.65 0.2 0.5 0.33 0.17 0.25 0.36 0.39 0.5 0.28 0.22 0.55 0.3 0.15 0.18 0.3 0.52 0.2 0.4 0.4 0.3 0.3 0.4 0.4 0.3 0.3 0.25 0.48 0.27 0.63 0.32 0.05 0.15 0.63 0.22 0.4 0.38 0.22 0.2 0.37 0.43 0.30000000000000004 0.35000000000000003 0.35000000000000003 0.5 0.32 0.18 0.15 0.2 0.65 0.18 0.4 0.42 0.25 0.35 0.4 0.25 0.35 0.4 0.25 0.42 0.33 0.58 0.36 0.06 0.13 0.62 0.25 0.3 0.45 0.25 0.22 0.35 0.43 0.35 0.32 0.33 0.5 0.3 0.2 0.1 0.2 0.7 0.2 0.3 0.5 0.2 0.4 0.4 0.23 0.3 0.47 0.15 0.45 0.4 0.5000000000000001 0.42000000000000004 0.08000000000000002 0.1 0.65 0.25 0.28 0.4 0.32 0.2 0.32 0.48 0.3 0.28 0.42 0.38 0.32 0.3 </TABLE>
  </DEFINITION>

  <DEFINITION>
    <FOR>MorningCIN</FOR>
    <TABLE>0.15000000000000002 0.5700000000000001 0.20000000000000004 0.08000000000000002 </TABLE>
  </DEFINITION>

  <DEFINITION>
    <FOR>CldShadeOth</FOR>
    <GIVEN>AreaMoDryAir</GIVEN>
    <GIVEN>AreaMeso_ALS</GIVEN>
    <GIVEN>CombClouds</GIVEN>
    <TABLE>1.0 0.0 0.0 0.85 0.15 0.0 0.25 0.35 0.4 0.95 0.05 0.0 0.4 0.55 0.05 0.05 0.45 0.5 0.93 0.07 0.0 0.2 0.78 0.02 0.01 0.29 0.7 0.74 0.25 0.01 0.0 0.5 0.5 0.0 0.1 0.9 0.92 0.08 0.0 0.7 0.29 0.01 0.15 0.4 0.45 0.9 0.09 0.01 0.25 0.6 0.15 0.01 0.3 0.69 0.8 0.2 0.0 0.01 0.89 0.1 0.0 0.1 0.9 0.65 0.34 0.01 0.0 0.4 0.6 0.0 0.02 0.98 0.88 0.12 0.0 0.4 0.5 0.1 0.1 0.4 0.5 0.85 0.15 0.0 0.15 0.75 0.1 0.0 0.2 0.8 0.8 0.18 0.02 0.03 0.85 0.12 0.0 0.05 0.95 0.5 0.48 0.02 0.01 0.74 0.25 0.0 0.01 0.99 0.85 0.14 0.01 0.55 0.43 0.02 0.1 0.25 0.65 0.6 0.39 0.01 0.01 0.9 0.09 0.0 0.15 0.85 0.78 0.2 0.02 0.01 0.74 0.25 0.0 0.04 0.96 0.42 0.55 0.03 0.05 0.65 0.3 0.0 0.0 1.0 </TABLE>
  </DEFINITION>

  <DEFINITION>
    <FOR>InsChange</FOR>
    <GIVEN>LoLevMoistAd</GIVEN>
    <GIVEN>CompPlFcst</GIVEN>
    <TABLE>0.0 0.05 0.95 0.0 0.12 0.88 0.05 0.15 0.8 0.05 0.15 0.8 0.1 0.4 0.5 0.25 0.5 0.25 0.15 0.5 0.35 0.2 0.6 0.2 0.35 0.5 0.15 0.5 0.4 0.1 0.8 0.16 0.04 0.9 0.09 0.01 </TABLE>
  </DEFINITION>

  <DEFINITION>
    <FOR>TempDis</FOR>
    <GIVEN>Scenario</GIVEN>
    <TABLE>0.13 0.15 0.1 0.62 0.15 0.15 0.25 0.45 0.12 0.1 0.35 0.43 0.1 0.15 0.4 0.35 0.04000000000000001 0.04000000000000001 0.8200000000000001 0.10000000000000002 0.05000000000000001 0.12000000000000001 0.7500000000000001 0.08000000000000002 0.030000000000000002 0.030000000000000002 0.8400000000000001 0.10000000000000002 0.05 0.4 0.5 0.05 0.8 0.19 0.0 0.01 0.1 0.05 0.4 0.45 0.2 0.3 0.3 0.2 </TABLE>
  </DEFINITION>

  <DEFINITION>
    <FOR>CombClouds</FOR>
    <GIVEN>VISCloudCov</GIVEN>
    <GIVEN>IRCloudCover</GIVEN>
    <TABLE>0.95 0.04 0.01 0.85 0.13 0.02 0.8 0.1 0.1 0.45 0.52 0.03 0.1 0.8 0.1 0.05 0.45 0.5 0.1 0.4 0.5 0.02 0.28 0.7 0.0 0.02 0.98 </TABLE>
  </DEFINITION>

  <DEFINITION>
    <FOR>CurPropConv</FOR>
    <GIVEN>LatestCIN</GIVEN>
    <GIVEN>LLIW</GIVEN>
    <TABLE>0.7 0.28 0.02 0.0 0.10000000000000002 0.5000000000000001 0.30000000000000004 0.10000000000000002 0.01 0.14 0.35 0.5 0.0 0.02 0.18 0.8 0.9 0.09 0.01 0.0 0.65 0.25 0.09 0.01 0.25000000000000006 0.35000000000000003 0.30000000000000004 0.10000000000000002 0.01 0.15 0.33 0.51 0.95 0.05 0.0 0.0 0.75 0.23 0.02 0.0 0.4 0.4 0.18 0.02 0.2 0.3 0.35 0.15 1.0 0.0 0.0 0.0 0.95 0.05 0.0 0.0 0.75 0.2 0.05 0.0 0.5 0.35 0.1 0.05 </TABLE>
  </DEFINITION>

  <DEFINITION>
    <FOR>WndHodograph</FOR>
    <TABLE>0.3 0.25 0.25 0.2 </TABLE>
  </DEFINITION>

  <DEFINITION>
    <FOR>SatContMoist</FOR>
    <TABLE>0.15 0.2 0.4 0.25 </TABLE>
  </DEFINITION>

  <DEFINITION>
    <FOR>N34StarFcst</FOR>
    <GIVEN>ScenRel3_4</GIVEN>
    <GIVEN>PlainsFcst</GIVEN>
    <TABLE>0.94 0.05 0.01 0.06 0.89 0.05 0.01 0.05 0.94 0.98 0.02 0.0 0.04 0.94 0.02 0.0 0.03 0.97 0.92 0.06 0.02 0.01 0.89 0.1 0.0 0.01 0.99 0.92 0.06 0.02 0.03 0.92 0.05 0.01 0.04 0.95 0.99 0.01 0.0 0.09 0.9 0.01 0.03 0.12 0.85 </TABLE>
  </DEFINITION>

  <DEFINITION>
    <FOR>AreaMoDryAir</FOR>
    <GIVEN>AreaMeso_ALS</GIVEN>
    <GIVEN>CombMoisture</GIVEN>
    <TABLE>0.99 0.01 0.0 0.0 0.7 0.29 0.01 0.0 0.2 0.55 0.24 0.01 0.0 0.25 0.55 0.2 0.8 0.2 0.0 0.0 0.35 0.55 0.1 0.0 0.01 0.39 0.55 0.05 0.0 0.02 0.43 0.55 0.7 0.29 0.01 0.0 0.2 0.6 0.2 0.0 0.01 0.09 0.8 0.1 0.0 0.0 0.3 0.7 0.2 0.74 0.06 0.0 0.05 0.4 0.45 0.1 0.0 0.05 0.5 0.45 0.0 0.0 0.01 0.99 </TABLE>
  </DEFINITION>

  <DEFINITION>
    <FOR>RHRatio</FOR>
    <GIVEN>Scenario</GIVEN>
    <TABLE>0.05 0.5 0.45 0.1 0.5 0.4 0.4 0.15 0.45 0.2 0.45 0.35 0.8 0.05 0.15 0.0 0.0 1.0 0.6 0.0 0.4 0.0 0.7 0.3 0.1 0.7 0.2 0.4 0.4 0.2 0.15 0.45 0.4 </TABLE>
  </DEFINITION>

  <DEFINITION>
    <FOR>AMInsWliScen</FOR>
    <GIVEN>ScenRelAMIns</GIVEN>
    <GIVEN>LIfr12ZDENSd</GIVEN>
    <GIVEN>AMDewptCalPl</GIVEN>
    <TABLE>0.6000000000000001 0.30000000000000004 0.10000000000000002 0.85 0.13 0.02 0.95 0.04 0.01 0.3 0.3 0.4 0.5 0.3 0.2 0.75 0.2 0.05 0.06 0.21 0.73 0.2 0.4 0.4 0.5 0.4 0.1 0.01 0.04 0.95 0.05 0.2 0.75 0.35 0.35 0.3 0.4 0.3 0.3 0.7000000000000001 0.20000000000000004 0.10000000000000002 0.9 0.08 0.02 0.15 0.3 0.55 0.25 0.5 0.25 0.6000000000000001 0.30000000000000004 0.10000000000000002 0.03 0.17 0.8 0.2 0.3 0.5 0.45 0.4 0.15 0.01 0.04 0.95 0.05 0.18 0.77 0.25 0.4 0.35 0.35 0.35 0.3 0.55 0.4 0.05 0.85 0.13 0.02 0.07 0.38 0.55 0.2 0.6 0.2 0.5 0.43 0.07 0.0 0.05 0.95 0.05 0.35 0.6 0.25 0.5 0.25 0.0 0.02 0.98 0.0 0.05 0.95 0.04 0.16 0.8 0.3 0.4 0.3 0.5 0.3 0.2 0.75 0.2 0.05 0.15 0.35 0.5 0.2 0.6 0.2 0.15 0.7 0.15 0.07 0.23 0.7 0.13 0.47 0.4 0.1 0.75 0.15 0.02 0.18 0.8 0.04 0.26 0.7 0.07 0.3 0.63 0.35 0.45 0.2 0.4 0.5 0.1 0.58 0.4 0.02 0.1 0.25 0.65 0.15 0.45 0.4 0.4 0.45 0.15 0.02 0.18 0.8 0.05 0.25 0.7 0.15 0.35 0.5 0.01 0.09 0.9 0.03 0.17 0.8 0.08 0.32 0.6 0.3 0.55 0.15 0.4 0.5 0.1 0.5 0.43 0.07 0.1 0.35 0.55 0.25 0.5 0.25 0.3 0.5 0.2 0.05 0.22 0.73 0.1 0.35 0.55 0.15 0.35 0.5 0.02 0.1 0.88 0.04 0.16 0.8 0.1 0.25 0.65 </TABLE>
  </DEFINITION>

  <DEFINITION>
    <FOR>ScnRelPlFcst</FOR>
    <GIVEN>Scenario</GIVEN>
    <TABLE>1.0 0.0 0.0 0.0 0.0 0.0 0.0 0.0 0.0 0.0 0.0 0.0 1.0 0.0 0.0 0.0 0.0 0.0 0.0 0.0 0.0 0.0 0.0 0.0 1.0 0.0 0.0 0.0 0.0 0.0 0.0 0.0 0.0 0.0 0.0 0.0 1.0 0.0 0.0 0.0 0.0 0.0 0.0 0.0 0.0 0.0 0.0 0.0 1.0 0.0 0.0 0.0 0.0 0.0 0.0 0.0 0.0 0.0 0.0 0.0 1.0 0.0 0.0 0.0 0.0 0.0 0.0 0.0 0.0 0.0 0.0 0.0 1.0 0.0 0.0 0.0 0.0 0.0 0.0 0.0 0.0 0.0 0.0 0.0 1.0 0.0 0.0 0.0 0.0 0.0 0.0 0.0 0.0 0.0 0.0 0.0 1.0 0.0 0.0 0.0 0.0 0.0 0.0 0.0 0.0 0.0 0.0 0.0 1.0 0.0 0.0 0.0 0.0 0.0 0.0 0.0 0.0 0.0 0.0 0.0 1.0 </TABLE>
  </DEFINITION>

  <DEFINITION>
    <FOR>InsInMt</FOR>
    <GIVEN>CldShadeOth</GIVEN>
    <GIVEN>AMInstabMt</GIVEN>
    <TABLE>0.9 0.1 0.0 0.01 0.4 0.59 0.0 0.05 0.95 0.6 0.39 0.01 0.0 0.4 0.6 0.0 0.0 1.0 0.5 0.35 0.15 0.0 0.15 0.85 0.0 0.0 1.0 </TABLE>
  </DEFINITION>

  <DEFINITION>
    <FOR>ScenRelAMIns</FOR>
    <GIVEN>Scenario</GIVEN>
    <TABLE>1.0 0.0 0.0 0.0 0.0 0.0 1.0 0.0 0.0 0.0 0.0 0.0 0.0 1.0 0.0 0.0 0.0 0.0 0.0 1.0 0.0 0.0 0.0 0.0 0.0 1.0 0.0 0.0 0.0 0.0 0.0 0.0 1.0 0.0 0.0 0.0 0.0 0.0 0.0 1.0 0.0 0.0 0.0 0.0 0.0 0.0 1.0 0.0 1.0 0.0 0.0 0.0 0.0 0.0 0.0 1.0 0.0 0.0 0.0 0.0 0.0 0.0 0.0 0.0 0.0 1.0 </TABLE>
  </DEFINITION>

  <DEFINITION>
    <FOR>Boundaries</FOR>
    <GIVEN>OutflowFrMt</GIVEN>
    <GIVEN>WndHodograph</GIVEN>
    <GIVEN>MorningBound</GIVEN>
    <TABLE>0.5 0.48 0.02 0.3 0.5 0.2 0.1 0.25 0.65 0.75 0.22 0.03 0.45 0.45 0.1 0.25 0.4 0.35 0.8 0.18 0.02 0.35 0.5 0.15 0.25 0.35 0.4 0.7 0.28 0.02 0.25 0.6 0.15 0.05 0.35 0.6 0.3 0.63 0.07 0.1 0.5 0.4 0.05 0.2 0.75 0.15 0.7 0.15 0.1 0.75 0.15 0.05 0.5 0.45 0.15 0.7 0.15 0.05 0.8 0.15 0.05 0.45 0.5 0.4 0.55 0.05 0.2 0.65 0.15 0.05 0.3 0.65 0.0 0.55 0.45 0.0 0.4 0.6 0.0 0.15 0.85 0.0 0.5 0.5 0.0 0.4 0.6 0.0 0.2 0.8 0.0 0.7 0.3 0.0 0.5 0.5 0.0 0.2 0.8 0.02 0.73 0.25 0.01 0.5 0.49 0.01 0.2 0.79 </TABLE>
  </DEFINITION>

  <DEFINITION>
    <FOR>Scenario</FOR>
    <GIVEN>Date</GIVEN>
    <TABLE>0.1 0.16 0.1 0.08 0.08 0.01 0.08 0.1 0.09 0.03 0.17 0.05 0.16 0.09 0.09 0.12 0.02 0.13 0.06 0.07 0.11 0.1 0.04 0.13 0.1 0.08 0.15 0.03 0.14 0.04 0.06 0.15 0.08 0.04 0.13 0.09 0.07 0.2 0.08 0.06 0.05 0.07 0.13 0.08 0.04 0.11 0.1 0.07 0.17 0.05 0.1 0.05 0.07 0.14 0.1 0.05 0.11 0.1 0.08 0.11 0.02 0.11 0.06 0.08 0.11 0.17 </TABLE>
  </DEFINITION>

  <DEFINITION>
    <FOR>Dewpoints</FOR>
    <GIVEN>Scenario</GIVEN>
    <TABLE>0.04 0.05 0.15 0.05 0.19 0.3 0.22 0.05 0.07 0.15 0.1 0.3 0.27 0.06 0.4 0.25 0.0 0.15 0.05 0.02 0.13 0.12999999999999998 0.21999999999999995 0.17999999999999997 0.06999999999999999 0.33999999999999997 0.029999999999999992 0.029999999999999992 0.15 0.2 0.2 0.18 0.11 0.11 0.05 0.0 0.0 0.0 0.0 0.0 0.98 0.02 0.5 0.27 0.15 0.02 0.02 0.0 0.04 0.0 0.02 0.1 0.05 0.5 0.2 0.13 0.0 0.02 0.7 0.0 0.2 0.04 0.04 0.1 0.45 0.1 0.05 0.26 0.02 0.02 0.1 0.1 0.1 0.2 0.05 0.1 0.35 </TABLE>
  </DEFINITION>

  <DEFINITION>
    <FOR>WindFieldPln</FOR>
    <GIVEN>Scenario</GIVEN>
    <TABLE>0.05 0.6 0.02 0.1 0.23 0.0 0.08 0.6 0.02 0.1 0.2 0.0 0.1 0.0 0.75 0.0 0.0 0.15 0.1 0.15 0.2 0.05 0.3 0.2 0.43 0.1 0.15 0.06 0.06 0.2 0.6 0.07 0.01 0.12 0.2 0.0 0.25 0.01 0.3 0.01 0.03 0.4 0.04 0.02 0.04 0.8 0.1 0.0 0.2 0.3 0.05 0.37 0.07 0.01 0.6 0.08 0.07 0.03 0.2 0.02 0.1 0.05 0.1 0.05 0.2 0.5 </TABLE>
  </DEFINITION>

  <DEFINITION>
    <FOR>MountainFcst</FOR>
    <GIVEN>InsInMt</GIVEN>
    <TABLE>1.0 0.0 0.0 0.48 0.5 0.02 0.2 0.5 0.3 </TABLE>
  </DEFINITION>

  <DEFINITION>
    <FOR>CapInScen</FOR>
    <GIVEN>AMCINInScen</GIVEN>
    <GIVEN>CapChange</GIVEN>
    <TABLE>1.0 0.0 0.0 0.98 0.02 0.0 0.35 0.35 0.3 0.75 0.25 0.0 0.03 0.94 0.03 0.0 0.25 0.75 0.30000000000000004 0.35000000000000003 0.35000000000000003 0.0 0.02 0.98 0.0 0.0 1.0 </TABLE>
  </DEFINITION>

  <DEFINITION>
    <FOR>LLIW</FOR>
    <TABLE>0.12 0.32 0.38 0.18 </TABLE>
  </DEFINITION>

  <DEFINITION>
    <FOR>RaoContMoist</FOR>
    <TABLE>0.15 0.2 0.4 0.25 </TABLE>
  </DEFINITION>

  <DEFINITION>
    <FOR>LatestCIN</FOR>
    <TABLE>0.4 0.4 0.15 0.05 </TABLE>
  </DEFINITION>

  <DEFINITION>
    <FOR>MvmtFeatures</FOR>
    <GIVEN>Scenario</GIVEN>
    <TABLE>0.25 0.55 0.2 0.0 0.05 0.1 0.1 0.75 0.1 0.3 0.3 0.3 0.17999999999999997 0.3799999999999999 0.33999999999999997 0.09999999999999998 0.02 0.02 0.26 0.7 0.05 0.07 0.05 0.83 0.1 0.25 0.15 0.5 0.0 0.6 0.1 0.3 0.2 0.1 0.2 0.5 0.04 0.0 0.04 0.92 0.5 0.35 0.09 0.06 </TABLE>
  </DEFINITION>

  <DEFINITION>
    <FOR>MeanRH</FOR>
    <GIVEN>Scenario</GIVEN>
    <TABLE>0.33 0.5 0.17 0.4 0.4 0.2 0.05 0.45 0.5 0.1 0.5 0.4 0.05 0.65 0.3 1.0 0.0 0.0 0.0 0.07 0.93 0.4 0.55 0.05 0.2 0.45 0.35 0.05 0.55 0.4 0.2 0.4 0.4 </TABLE>
  </DEFINITION>

  <DEFINITION>
    <FOR>IRCloudCover</FOR>
    <TABLE>0.15 0.45 0.4 </TABLE>
  </DEFINITION>

  <DEFINITION>
    <FOR>MidLLapse</FOR>
    <GIVEN>Scenario</GIVEN>
    <TABLE>0.25 0.55 0.2 0.25 0.5 0.25 0.4 0.38 0.22 0.43 0.37 0.2 0.02 0.38 0.6 0.0 0.1 0.9 0.84 0.16 0.0 0.25 0.31 0.44 0.41 0.29 0.3 0.23 0.42 0.35 0.16 0.28 0.56 </TABLE>
  </DEFINITION>

  <DEFINITION>
    <FOR>InsSclInScen</FOR>
    <GIVEN>AMInsWliScen</GIVEN>
    <GIVEN>InsChange</GIVEN>
    <TABLE>1.0 0.0 0.0 0.9 0.1 0.0 0.4 0.35 0.25 0.6 0.4 0.0 0.15 0.7 0.15 0.0 0.4 0.6 0.25 0.35 0.4 0.0 0.1 0.9 0.0 0.0 1.0 </TABLE>
  </DEFINITION>

  <DEFINITION>
    <FOR>CapChange</FOR>
    <GIVEN>CompPlFcst</GIVEN>
    <TABLE>0.0 0.0 1.0 0.0 1.0 0.0 1.0 0.0 0.0 </TABLE>
  </DEFINITION>

  <DEFINITION>
    <FOR>OutflowFrMt</FOR>
    <GIVEN>InsInMt</GIVEN>
    <GIVEN>WndHodograph</GIVEN>
    <TABLE>1.0 0.0 0.0 1.0 0.0 0.0 1.0 0.0 0.0 1.0 0.0 0.0 0.5 0.4 0.1 0.15 0.4 0.45 0.35 0.6 0.05 0.8 0.19 0.01 0.05 0.45 0.5 0.01 0.15 0.84 0.1 0.25 0.65 0.6000000000000001 0.30000000000000004 0.10000000000000002 </TABLE>
  </DEFINITION>

  <DEFINITION>
    <FOR>MorningBound</FOR>
    <TABLE>0.5 0.35 0.15 </TABLE>
  </DEFINITION>

  <DEFINITION>
    <FOR>AreaMeso_ALS</FOR>
    <GIVEN>CombVerMo</GIVEN>
    <TABLE>1.0 0.0 0.0 0.0 0.0 1.0 0.0 0.0 0.0 0.0 1.0 0.0 0.0 0.0 0.0 1.0 </TABLE>
  </DEFINITION>

  <DEFINITION>
    <FOR>CldShadeConv</FOR>
    <GIVEN>InsInMt</GIVEN>
    <GIVEN>WndHodograph</GIVEN>
    <TABLE>1.0 0.0 0.0 1.0 0.0 0.0 1.0 0.0 0.0 1.0 0.0 0.0 0.30000000000000004 0.6000000000000001 0.10000000000000002 0.20000000000000004 0.7000000000000001 0.10000000000000002 0.5 0.46 0.04 0.8 0.19 0.01 0.0 0.3 0.7 0.0 0.2 0.8 0.1 0.5 0.4 0.5 0.38 0.12 </TABLE>
  </DEFINITION>

  <DEFINITION>
    <FOR>QGVertMotion</FOR>
    <TABLE>0.15 0.15 0.5 0.2 </TABLE>
  </DEFINITION>

  <DEFINITION>
    <FOR>N0_7muVerMo</FOR>
    <TABLE>0.25 0.25 0.25 0.25 </TABLE>
  </DEFINITION>

  <DEFINITION>
    <FOR>LIfr12ZDENSd</FOR>
    <TABLE>0.10000000000000002 0.5200000000000001 0.30000000000000004 0.08000000000000002 </TABLE>
  </DEFINITION>

  <DEFINITION>
    <FOR>SfcWndShfDis</FOR>
    <GIVEN>Scenario</GIVEN>
    <TABLE>0.65 0.05 0.1 0.08 0.04 0.07 0.01 0.65 0.05 0.1 0.1 0.02 0.07 0.01 0.0 0.6499999999999999 0.19999999999999996 0.019999999999999997 0.059999999999999984 0.04999999999999999 0.019999999999999997 0.12 0.02 0.02 0.02 0.45 0.27 0.1 0.06 0.14 0.04 0.04 0.25 0.4 0.07 0.1 0.1 0.1 0.02 0.0 0.56 0.12 0.02 0.05 0.05 0.0 0.35 0.33 0.2 0.01 0.1 0.15 0.4 0.0 0.23 0.11 0.02 0.1 0.5 0.3 0.01 0.02 0.05 0.06 0.08 0.04 0.02 0.6 0.14 0.06 0.05 0.13 0.05 0.39 0.13 0.15 0.1 </TABLE>
  </DEFINITION>

  <DEFINITION>
    <FOR>R5Fcst</FOR>
    <GIVEN>MountainFcst</GIVEN>
    <GIVEN>N34StarFcst</GIVEN>
    <TABLE>1.0 0.0 0.0 0.0 1.0 0.0 0.0 0.0 1.0 0.0 1.0 0.0 0.0 1.0 0.0 0.0 0.0 1.0 0.0 0.0 1.0 0.0 0.0 1.0 0.0 0.0 1.0 </TABLE>
  </DEFINITION>

  <DEFINITION>
    <FOR>CombMoisture</FOR>
    <GIVEN>SatContMoist</GIVEN>
    <GIVEN>RaoContMoist</GIVEN>
    <TABLE>0.9 0.1 0.0 0.0 0.6 0.35 0.05 0.0 0.3 0.5 0.2 0.0 0.25 0.35 0.25 0.15 0.55 0.4 0.05 0.0 0.15 0.6 0.2 0.05 0.05 0.4 0.45 0.1 0.1 0.3 0.3 0.3 0.25 0.3 0.35 0.1 0.1 0.35 0.5 0.05 0.0 0.15 0.7 0.15 0.0 0.1 0.4 0.5 0.25 0.25 0.25 0.25 0.25 0.25 0.25 0.25 0.25 0.25 0.25 0.25 0.25 0.25 0.25 0.25 </TABLE>
  </DEFINITION>

  <DEFINITION>
    <FOR>LoLevMoistAd</FOR>
    <TABLE>0.12 0.28 0.3 0.3 </TABLE>
  </DEFINITION>

  <DEFINITION>
    <FOR>ScenRelAMCIN</FOR>
    <GIVEN>Scenario</GIVEN>
    <TABLE>1.0 0.0 1.0 0.0 0.0 1.0 0.0 1.0 0.0 1.0 0.0 1.0 0.0 1.0 0.0 1.0 0.0 1.0 0.0 1.0 0.0 1.0 </TABLE>
  </DEFINITION>

  <DEFINITION>
    <FOR>AMInstabMt</FOR>
    <TABLE>0.333333 0.333333 0.333334 </TABLE>
  </DEFINITION>

  <DEFINITION>
    <FOR>LowLLapse</FOR>
    <GIVEN>Scenario</GIVEN>
    <TABLE>0.04000000000000001 0.25000000000000006 0.35000000000000003 0.36000000000000004 0.07 0.31 0.31 0.31 0.35 0.47 0.14 0.04 0.4 0.4 0.13 0.07 0.45 0.35 0.15 0.05 0.01 0.35 0.45 0.19 0.78 0.19 0.03 0.0 0.0 0.02 0.33 0.65 0.22000000000000003 0.4000000000000001 0.30000000000000004 0.08000000000000002 0.13 0.4 0.35 0.12 0.09 0.4 0.33 0.18 </TABLE>
  </DEFINITION>

  <DEFINITION>
    <FOR>WindAloft</FOR>
    <GIVEN>Scenario</GIVEN>
    <TABLE>0.0 0.95 0.01 0.04 0.2 0.3 0.2 0.3 0.05 0.09 0.59 0.27 0.03 0.32 0.42 0.23 0.07 0.66 0.02 0.25 0.5 0.0 0.0 0.5 0.25 0.3 0.25 0.2 0.2 0.14 0.43 0.23 0.2 0.41 0.1 0.29 0.96 0.0 0.0 0.04 0.03 0.08 0.33 0.56 </TABLE>
  </DEFINITION>

  <DEFINITION>
    <FOR>CompPlFcst</FOR>
    <GIVEN>Boundaries</GIVEN>
    <GIVEN>CldShadeConv</GIVEN>
    <GIVEN>AreaMeso_ALS</GIVEN>
    <GIVEN>CldShadeOth</GIVEN>
    <TABLE>0.4 0.35 0.25 0.1 0.35 0.55 0.05 0.3 0.65 0.6 0.25 0.15 0.4 0.3 0.3 0.2 0.5 0.3 0.6 0.35 0.05 0.45 0.4 0.15 0.25 0.45 0.3 0.7 0.27 0.03 0.65 0.3 0.05 0.6 0.35 0.05 0.4 0.35 0.25 0.25 0.3 0.45 0.15 0.35 0.5 0.65 0.25 0.1 0.45 0.3 0.25 0.25 0.5 0.25 0.65 0.3 0.05 0.5 0.4 0.1 0.3 0.45 0.25 0.75 0.23 0.02 0.7 0.26 0.04 0.65 0.32 0.03 0.45 0.3 0.25 0.4 0.3 0.3 0.35000000000000003 0.30000000000000004 0.35000000000000003 0.7000000000000001 0.22000000000000003 0.08000000000000002 0.55 0.3 0.15 0.4 0.45 0.15 0.7 0.27 0.03 0.6000000000000001 0.30000000000000004 0.10000000000000002 0.55 0.33 0.12 0.85 0.14 0.01 0.8 0.17 0.03 0.75 0.23 0.02 0.35 0.35 0.3 0.05 0.35 0.6 0.03 0.25 0.72 0.5 0.25 0.25 0.30000000000000004 0.35000000000000003 0.35000000000000003 0.15 0.45 0.4 0.55 0.3 0.15 0.4 0.4 0.2 0.2 0.4 0.4 0.6 0.35 0.05 0.6000000000000001 0.30000000000000004 0.10000000000000002 0.55 0.33 0.12 0.35 0.35 0.3 0.1 0.35 0.55 0.05 0.3 0.65 0.55 0.25 0.2 0.35 0.35 0.3 0.2 0.5 0.3 0.6000000000000001 0.30000000000000004 0.10000000000000002 0.45 0.4 0.15 0.25 0.5 0.25 0.65 0.3 0.05 0.65 0.3 0.05 0.6 0.35 0.05 0.4 0.35 0.25 0.25 0.4 0.35 0.2 0.4 0.4 0.65 0.25 0.1 0.45 0.35 0.2 0.3 0.5 0.2 0.65 0.3 0.05 0.55 0.3 0.15 0.5 0.3 0.2 0.78 0.18 0.04 0.75 0.2 0.05 0.7 0.25 0.05 0.3 0.3 0.4 0.01 0.25 0.74 0.01 0.2 0.79 0.35 0.25 0.4 0.15 0.4 0.45 0.1 0.35 0.55 0.45 0.3 0.25 0.3 0.4 0.3 0.15 0.4 0.45 0.5 0.35 0.15 0.48 0.32 0.2 0.45 0.35 0.2 0.3 0.3 0.4 0.05 0.6 0.35 0.04 0.27 0.69 0.4 0.25 0.35 0.2 0.4 0.4 0.12 0.43 0.45 0.5 0.3 0.2 0.35 0.4 0.25 0.2 0.45 0.35 0.55 0.35 0.1 0.55 0.3 0.15 0.5 0.4 0.1 0.30000000000000004 0.35000000000000003 0.35000000000000003 0.15 0.35 0.5 0.13 0.35 0.52 0.5 0.25 0.25 0.35 0.35 0.3 0.2 0.45 0.35 0.55 0.35 0.1 0.45 0.35 0.2 0.4 0.35 0.25 0.7 0.24 0.06 0.65 0.28 0.07 0.6000000000000001 0.30000000000000004 0.10000000000000002 </TABLE>
  </DEFINITION>

  <DEFINITION>
    <FOR>CombVerMo</FOR>
    <GIVEN>N0_7muVerMo</GIVEN>
    <GIVEN>SubjVertMo</GIVEN>
    <GIVEN>QGVertMotion</GIVEN>
    <TABLE>1.0 0.0 0.0 0.0 0.9 0.1 0.0 0.0 0.7000000000000001 0.20000000000000004 0.10000000000000002 0.0 0.20000000000000004 0.5000000000000001 0.20000000000000004 0.10000000000000002 0.9 0.1 0.0 0.0 0.7 0.3 0.0 0.0 0.15 0.7 0.15 0.0 0.10000000000000002 0.35000000000000003 0.45000000000000007 0.10000000000000002 0.7000000000000001 0.20000000000000004 0.10000000000000002 0.0 0.15 0.7 0.15 0.0 0.2 0.6 0.2 0.0 0.1 0.2 0.6 0.1 0.20000000000000004 0.5000000000000001 0.20000000000000004 0.10000000000000002 0.10000000000000002 0.35000000000000003 0.45000000000000007 0.10000000000000002 0.1 0.2 0.6 0.1 0.1 0.1 0.2 0.6 0.9 0.1 0.0 0.0 0.7 0.3 0.0 0.0 0.15 0.7 0.15 0.0 0.10000000000000002 0.35000000000000003 0.45000000000000007 0.10000000000000002 0.7 0.3 0.0 0.0 0.0 1.0 0.0 0.0 0.0 0.7 0.3 0.0 0.0 0.20000000000000004 0.7000000000000001 0.10000000000000002 0.15 0.7 0.15 0.0 0.0 0.7 0.3 0.0 0.0 0.3 0.7 0.0 0.0 0.15 0.5 0.35 0.10000000000000002 0.35000000000000003 0.45000000000000007 0.10000000000000002 0.0 0.20000000000000004 0.7000000000000001 0.10000000000000002 0.0 0.15 0.5 0.35 0.0 0.1 0.2 0.7 0.7000000000000001 0.20000000000000004 0.10000000000000002 0.0 0.15 0.7 0.15 0.0 0.2 0.6 0.2 0.0 0.1 0.2 0.6 0.1 0.15 0.7 0.15 0.0 0.0 0.7 0.3 0.0 0.0 0.3 0.7 0.0 0.0 0.15 0.5 0.35 0.2 0.6 0.2 0.0 0.0 0.3 0.7 0.0 0.0 0.0 1.0 0.0 0.0 0.0 0.7 0.3 0.1 0.2 0.6 0.1 0.0 0.15 0.5 0.35 0.0 0.0 0.7 0.3 0.0 0.0 0.3 0.7 0.20000000000000004 0.5000000000000001 0.20000000000000004 0.10000000000000002 0.10000000000000002 0.35000000000000003 0.45000000000000007 0.10000000000000002 0.1 0.2 0.6 0.1 0.1 0.1 0.2 0.6 0.10000000000000002 0.35000000000000003 0.45000000000000007 0.10000000000000002 0.0 0.20000000000000004 0.7000000000000001 0.10000000000000002 0.0 0.15 0.5 0.35 0.0 0.1 0.2 0.7 0.1 0.2 0.6 0.1 0.0 0.15 0.5 0.35 0.0 0.0 0.7 0.3 0.0 0.0 0.3 0.7 0.1 0.1 0.2 0.6 0.0 0.1 0.2 0.7 0.0 0.0 0.3 0.7 0.0 0.0 0.0 1.0 </TABLE>
  </DEFINITION>

  <DEFINITION>
    <FOR>AMDewptCalPl</FOR>
    <TABLE>0.3 0.25 0.45 </TABLE>
  </DEFINITION>

</NETWORK>
</BIF>
